{
  "instrument": "PI_XBTUSD",
  "server_time": "2026-02-20T05:24:16.241Z",
  "mark": 67324.3096336585,
  "index": 67317.8,
  "change_24h_pct": 0.84,
  "funding_rate": 5.5065306e-11,
  "open_interest": 5278812.0
}
